22504651;375961;169384;147073;150335;157250;268537;516571;484663;4463577;63293;94365;154241;100894;83913;82757;62545;43566;53848;79083;19869;56604;27512;33773;62150;45845;24601;32264;68008;47631;48106;58203;38401;22306;12391;18744;21431;24545;57748;88219;277624;120993;28673;89229;141201;101556;112477;15062;32288;50291;57837;181033;73155;82334;81282;80056;53647;44994;43318;108752;164948;109709;23982;33879;37650;37149;185474;51220;43338;21264;42457;42360;34763;32163;46972;7662;124668;115031;135124;102925;45543;74158;50876;50064;15384;68832;89822;10716;77894;56403;51117;42965;75894;41633;25800;46133;47587;17959;40619;15134;61477;41694;22188;53719;53211;38005;22320;40921;65843;29223;25568;61958;39444;52551;53365;12707;78130;34124;52980;45737;27920;33249;136323;39575;67955;16571;39295;10249;13782;40006;30600;32937;15577;53063;23398;26754;42933;34834;13973;33740;32822;66895;63143;180568;183432;14114;10177;99207;15658;14119;14876;168384;237450;11555;27995;97260;108533;33677;18140;8669;134362;58874;27719;94415;47869;158346;7099;22086;25899;39557;6835;25583;140304;65232;27331;9371;36972;31445;78771;177469;306623;17560;86246;127426;54405;93363;16417;22406;43587;27217;9803;251512;21300;52932;59539;179265;39547;28455;11672;112946;129360;19985;18013;268020;14891;14673;12920;19601;11401;7000;5918;6421;64047;13518;13125;36391;14076;16931;12248;10508;61425;129268;36892;5935;10114;64219;17865;16062;12524;9482;24422;41850;70205;112886;246477;311937;6952;85892;13016;60660;127257;28204;74541;6942;292205;8803;15370;35585;226288;408086;216307;99561;10499;103727;41243;90531;35861;33999;31624;26105;364881;287241;34640;242318;12366;185182;12862;6068;20412;393970;8995;233702;358008;13851;29115;10452;14683;137636;82240;29912;8508;17828;45386;29718;66507;241370;19088;125755;5944;57695;13910;167719;130220;12967;306332;32939;45099;88789;6751;40503;16963;179105;201013;106758;17998;50674;43616;118240;8378;23366;94225;61100;19908;88320;56022;7041;53640;29563;75532;9295;24191;65461;10261;21938;28953;22942;44620;49370;269125;119261;130745;8353;52794;174418;25029;21137;27800;140019;85077;16513;10766;109725;203919;9026;12442;25846;26727;44404;21695;54415;36943;124504;38947;22959;65812;136042;95295;27811;5153;19393;23386;15397;54175;44480;124570;186375;45125;166525;5640;32784;8021;8029;278373;168849;15360;21264;143356;6909;42257;26387;41325;125379;57259;161380;33668;25236;128743;49223;183204;133146;6563;297732;6835;27952;49788;183110;115086;7628;6017;253211;79925;180646;11035;28694;29883;46253;79104;36171;226681;86334;11767;6886;85805;46652;194034;17114;12304;8368;5426;251205;20933;362450;181712;28358;48474;147586;11219;6475;146947;119205;105171;88573;295888;8861;50816;85133;92066;219236;6314;18800;201920;23224;63524;188292;88450;225140;9156;25608;8930;8162;37547;112915;12297;71515;52996;45854;25762;45385;205247;126815;182485;10864;27033;14183;13211;65614;60742;25462;10829;292738;9402;232848;122958;5715;9663;32859;12222;24206;12072;12706;10778;43637;15885;9295;61174;252624;215681;8339;54351;8345;16298;95510;
22423038;408944;84138;60668;198135;141001;391017;524581;416657;3101965;365451;136392;148466;102436;125725;135564;182593;81539;95574;163720;50742;31731;65040;73692;51277;55798;53959;81728;34386;63536;65070;78067;62064;69943;46767;68658;44528;65090;111823;106790;241307;62692;22975;91573;138047;92647;109966;59775;124227;14240;47975;49829;59199;79741;44790;62772;69381;45349;58357;69324;70076;67480;34999;74361;59159;119071;152698;62364;77758;40231;38525;81190;60234;56583;62019;39023;73765;69801;138213;72049;51337;56441;44387;40215;47419;45062;92254;24976;29087;16650;47767;49941;18295;40804;15675;165159;38560;17228;22799;46591;161187;56263;39685;47358;16571;63140;42954;56583;54519;101044;48631;41942;42527;61218;93809;99721;69566;33224;50810;33978;43091;49728;60108;48404;79671;77428;39511;28893;21255;19261;38960;172782;41138;142172;125341;17084;40905;23968;36883;20838;100334;65638;60597;25870;36364;19411;20827;19878;20499;36166;19474;27650;11416;10654;6563;8184;33639;7826;26190;14289;25371;18041;18041;23710;14550;46212;10431;8611;36181;21888;8985;21600;42462;13334;16218;9343;28303;8016;12455;14216;7495;12913;20954;7612;6352;23147;7175;5639;6118;5733;4417;23692;10890;6548;6828;241640;52448;11304;20657;74561;203782;86534;6904;132431;175373;182790;6192;132653;68836;8490;16351;93918;6364;11903;5492;10806;7720;9389;9085;150880;129111;7168;74801;8650;12672;11941;8762;60417;9333;10949;9736;7368;12339;20264;282449;375907;9806;227932;131622;11284;148962;7523;13095;7112;147966;15354;17315;111950;308234;414822;198373;71966;13984;96941;16428;63458;243668;23721;15272;30588;345993;262811;43992;265555;16566;178578;56856;16469;22458;417659;8083;231380;389582;6470;80785;14264;7133;103879;48730;136224;24106;5271;59152;7845;32125;56004;76571;91859;22705;54380;58046;171293;122695;140092;196726;8478;23896;5321;42836;19841;30757;164573;254719;128014;297444;13633;6721;11267;26783;30666;81427;9363;20037;32051;23441;36208;69762;295135;99442;123330;258093;65637;81149;35776;21758;38314;21911;224211;104918;86957;13853;20859;46980;106004;22725;20192;30309;116404;21971;6321;13668;105990;250736;8792;370312;56073;9993;32254;9969;12899;10891;75177;14004;143422;8981;12504;138633;20488;33875;25487;100112;7244;12616;64421;152249;126034;12590;195019;14675;17196;17734;13607;244892;204245;65505;122759;92391;146937;67860;13993;40457;7531;40923;143924;9681;22094;162425;177553;5750;120988;5417;314887;6813;37204;9215;215361;7746;24900;65499;249582;73297;217142;5905;30180;11923;73786;79844;27201;232708;93501;24539;6684;30522;72112;74231;7802;47212;44419;29613;246633;19726;333512;151045;25294;56861;46950;18393;75050;173695;123053;112098;100762;240704;14483;36787;89990;16282;12470;57338;172758;257172;25959;74935;151529;97495;235014;347167;6252;10168;9932;12116;5439;76644;7616;28617;252713;60038;21227;120210;131219;172505;6229;12975;15910;60982;161946;44706;13644;16709;248471;4805;244011;122086;4896;146570;8726;11258;68593;9797;7090;53778;25707;14645;75094;65740;115995;232659;15908;33945;11171;15722;78331;
20489921;284694;81832;207585;243395;113910;369707;440955;426944;265474;133166;71500;48884;64533;84005;26681;57136;37505;163738;106797;43058;16701;28018;27470;22206;41995;33297;181705;198956;243636;56773;226189;38607;27964;365660;351954;12945;43439;35049;22695;21053;82854;26025;147012;319785;33585;35122;62696;47619;118384;20248;28564;11522;43113;181794;100368;43534;50274;54570;12320;296137;44231;95665;26342;140396;63939;130048;50683;511327;11850;11448;46478;59014;40627;213076;54890;29210;61207;132157;37572;344736;61651;21808;193959;156408;85475;154368;32160;21013;29651;38806;35565;342371;113211;9353;51321;16758;28985;224849;17675;13586;92602;23424;33173;134639;29739;110901;106438;44746;64429;13026;35185;64404;82849;66771;72702;73615;70399;56109;54888;50232;55742;80681;70380;61098;70500;61570;70403;81200;173443;209864;165973;29202;257492;291807;27402;80570;27143;16217;44400;23485;51857;21960;54419;9616;31261;50739;79781;149403;90531;15895;309909;36049;60407;86808;42826;22560;38881;35581;30745;53865;286961;50563;124531;43280;55198;5025;64308;4650;55324;92120;120823;88928;138820;20785;38282;40133;20117;29105;16075;131306;151846;291818;78974;9864;158853;153497;33098;6893;73063;11727;382875;49406;100135;26894;257099;115346;6276;13067;10105;186405;76363;18453;132050;238157;161496;11518;92148;48575;11970;11487;17810;10658;8897;8320;8775;29812;5688;6891;81144;113698;7336;75399;16039;14082;7404;36764;59433;10564;23685;13362;62278;16164;16372;263956;339505;96237;196351;111357;40848;158782;5485;21654;10719;188587;68230;17368;59050;187337;379051;217962;53169;46632;52753;10214;18883;307802;96513;13812;11247;302397;256446;93071;165756;11271;191773;75666;16161;18968;356752;8263;224666;383642;11925;67017;153420;6519;47859;16909;6926;79169;42637;14033;158283;13354;103374;6532;145779;5839;112685;6847;112505;86127;162668;169228;20131;24498;119560;21187;6877;50250;88786;155210;38621;389149;25247;24952;16412;15883;13906;39770;56169;178473;109794;54016;12361;117334;241626;101067;122526;260731;41160;69946;58797;30663;5582;56086;199184;83288;147735;234953;11617;19049;51753;34579;37297;30051;35781;20986;28493;77705;100438;119620;45333;439360;83839;13431;24006;9495;10582;9748;27239;8202;11678;33793;50976;50586;29823;30496;41399;47795;57338;59527;28259;36899;79862;49953;75004;22235;31860;32298;75062;233508;198580;34515;113130;112714;138888;65570;26167;61486;11548;101097;178500;67583;10448;85002;74628;96806;9855;104429;293458;5795;51707;11490;8865;15133;21035;149388;259064;63745;193871;17404;28546;13461;105820;68519;16166;273244;8477;5715;31902;7985;14247;181030;194961;118632;34573;6603;154234;135821;261980;149904;27882;10093;46305;45943;22304;153533;127136;114741;88570;267446;8085;46904;87409;19957;13222;14608;159109;243393;4740;56205;121030;115350;215524;23951;26129;32192;20680;12869;119821;143011;127628;65641;116897;71867;9187;28581;202758;187548;6577;15919;19480;109966;163080;8369;7318;100139;236293;15368;245776;125115;9905;168329;9224;38744;15492;8758;13390;100806;11407;24927;58054;72684;123542;218110;53456;91451;22379;6068;52496;
19247041;323635;89492;207494;109972;86308;569044;584146;298883;353604;78650;111152;64792;67577;40056;35449;57688;75063;40560;39095;10175;9627;55222;33688;38201;17340;19415;24194;16976;182746;29143;226903;30058;48806;377290;331644;15449;24138;25530;29480;39463;43873;40544;131742;247229;27221;42706;37608;26538;24100;22907;18816;18073;18766;87619;68759;91987;58101;55464;51836;79454;51827;72163;71097;67552;105120;169049;104706;579869;129115;82522;65039;53366;61264;60224;47415;117029;52379;99932;22299;368103;27612;23272;58387;54263;72485;245861;49914;33352;72143;72204;66472;67285;65967;61958;63807;258440;12758;13213;100033;18623;35648;43726;30209;31610;16317;23891;35921;216155;108227;169390;32317;33162;26283;33140;20564;67710;148179;43550;121087;97620;126895;50076;23019;21907;39627;29930;13012;26944;99574;168662;95704;72141;184816;12760;98008;41041;28219;38873;137754;6477;9508;90461;38716;16311;10401;24378;90784;96927;9109;14539;351630;9476;110852;140938;8953;21395;85938;102787;57203;6770;228176;49027;113240;14595;24251;24889;68612;10966;33593;91336;111690;60597;127512;10395;19870;20527;28100;63643;120724;63148;140225;247881;68592;16884;216583;156020;83327;14767;67777;12054;564435;50818;98961;36987;256883;122130;11078;42215;183731;70012;45491;4975;144853;240357;19062;95228;15815;25189;11699;7890;24056;14197;13411;7477;21024;29728;31888;98178;117052;111382;9432;67970;55241;12357;22134;17312;57321;26955;9795;15819;7492;33321;15475;215855;323505;76111;179620;103984;39820;129254;4974;71453;4325;117969;14866;23319;5618;20261;437640;207448;37921;41176;33527;19008;10549;303904;88217;68625;55662;208496;210343;88178;141009;6350;255601;21431;11642;13322;428455;40541;204411;368844;25692;44245;14661;31263;75300;29436;7590;113810;31994;33190;4586;29030;35195;21639;118570;7183;14769;40818;173462;64890;104975;205209;9046;8960;5505;76709;19112;56175;124484;198726;34765;128327;32383;31079;128564;13662;9639;136081;49579;199608;105753;44507;95954;28114;216323;115197;146562;218350;74931;85799;36710;12196;23565;19211;36738;81858;124090;222771;360245;34005;350510;6526;16074;13514;105025;220427;48152;9193;9059;43116;8450;413114;47758;56239;96489;4659;4867;6177;100361;90616;13267;23061;9254;168624;130940;5982;7540;104416;14734;22479;14634;193002;105981;16375;25625;65486;10870;8568;38167;149259;234735;23656;119244;158313;151746;65699;18536;23061;15748;105823;223236;71650;9807;103695;17940;140855;97716;9500;265443;6352;68459;8899;86922;12495;35810;93810;233735;54053;65162;121976;8836;16348;77129;65454;19340;231119;16454;44736;37820;104389;82144;73861;111185;110790;88671;10422;9869;283428;290865;109260;6000;66115;40033;59719;10630;135108;110468;181461;91605;305646;6343;98273;15821;64553;77120;80897;118930;40268;31098;80989;8668;92712;344784;4560;120460;20371;21797;6075;185951;120511;161552;5462;12875;19655;54107;10304;228094;220165;28523;13052;8656;92039;8955;14484;39752;83237;206984;48284;139671;196718;13917;168687;21028;8386;11465;12256;10517;55893;4712;67417;11717;133247;89504;253671;58157;69394;10489;12404;15210;
18301505;312255;82364;233464;83410;102369;529742;564977;424266;1833117;102733;62854;49787;89824;88418;66300;45324;36314;21830;115378;19391;40558;42393;19893;25655;22555;38393;63382;38662;54166;33159;25969;14982;20259;21199;24289;8761;20680;29690;28050;139329;52864;44289;74815;173658;142637;44521;32796;182205;153616;98225;36964;62173;48997;14468;139751;63868;14327;36520;33036;106306;103271;123254;68336;82653;22642;62634;23842;56751;53404;894242;120145;32732;64451;152866;16510;126527;125418;86840;31912;14095;18119;57736;111867;18027;18438;23391;12299;135767;11024;11042;53399;34365;48139;91112;66280;35256;14460;25940;23534;23157;41164;47840;36643;31883;13941;12066;53795;23195;43449;26060;39426;23528;43741;21172;16312;24453;24254;25901;12805;25878;16752;37738;19081;18754;10632;24073;48033;15421;9628;56216;175290;24473;24784;18988;50049;100479;30452;44766;56360;31828;29222;27874;25401;23472;7177;11837;103912;115176;108249;13199;272410;142787;56762;8597;164055;15836;42887;105903;19018;76389;235846;16356;151837;28837;356970;10677;16477;34064;58188;19500;151422;7338;78709;105695;11627;155918;28955;9599;7582;27063;123688;160751;24697;34314;230421;97713;62608;8442;19578;5709;656354;41156;100347;14955;243498;120059;14667;16015;143874;20771;23158;20419;16981;23896;13229;14342;13681;18001;12081;10956;12655;30536;29012;29623;50312;11520;31436;72772;80603;96766;16082;79382;50110;6571;34214;5381;22266;5914;19442;11926;63151;6687;33324;114055;375833;85034;187192;120175;7552;133894;14947;76334;5388;255605;115837;26470;20837;29781;423440;202265;7335;126952;9882;9024;91368;322545;102361;65407;43824;208325;244759;73645;62062;9762;262980;24506;7509;28907;394582;80463;94729;424064;80208;12769;10625;6964;10705;58407;32352;4678;22860;18696;22641;14446;131663;42933;66202;12462;116997;132135;8748;91314;111551;339050;5940;137785;27628;9015;128883;14785;20361;217373;33681;75824;29933;22550;62728;36391;7729;141777;27381;201900;15439;11872;15535;137447;218975;58252;141576;204920;43057;89151;33962;8542;21105;9580;35083;79186;84206;203535;410720;26052;355159;5344;7380;12371;87512;295531;61024;10462;10913;16734;7717;420484;42384;9738;89337;4410;4923;14699;51430;89847;35437;10053;12929;165415;123255;6758;10277;90989;39850;30425;16140;100131;8237;36239;118106;50835;40051;46483;6857;139217;71341;53648;113287;194900;147400;45452;7796;15640;10823;88065;208912;13845;67935;117339;14495;151020;6343;77141;306403;50932;47718;10857;11204;11827;54021;45354;277206;82587;143238;106790;42141;10596;31159;19433;41715;216854;157308;7773;10219;63986;69411;68363;53903;87047;27151;28337;14361;252083;276192;99214;5923;31867;7430;25536;13252;125647;31559;159238;9102;319544;51685;70140;14532;181222;273221;11200;6278;168733;35071;61441;11307;53282;259200;35645;48815;8396;8170;24746;142056;160166;108465;5664;37619;11987;85609;24688;135366;208002;28024;8499;33006;202111;18898;48727;17769;6937;151587;109783;120500;181852;43614;122640;7925;24888;64356;16333;10142;67385;12927;18370;7565;87820;100427;273052;7043;13697;14865;45755;9160;
16707402;233058;142893;233604;79246;56349;570255;566632;702344;3174805;103635;271494;537120;113519;135697;215326;201996;94094;107255;108625;60122;46079;21104;126677;24388;13103;19949;55574;104302;53494;142190;49425;25444;55912;23379;17789;9654;19113;24756;81663;138479;24707;50560;49302;172957;17029;109182;73104;165364;254768;112831;28714;21201;19583;99626;173725;28505;10341;33185;55504;131340;138059;82214;56194;51208;15601;38660;50366;41832;140084;885177;107914;53142;86518;117878;41947;101947;124502;79183;36477;24590;20444;90699;121487;33356;33292;19087;15357;78772;34522;35621;43742;34310;33016;27417;34390;44202;19704;34423;54466;47892;52634;38109;41865;58904;20602;14395;15874;83078;48460;19220;41842;51113;51209;22075;29819;34724;37941;11861;76399;31350;26300;77614;27751;43518;19951;64732;30692;16812;18576;24354;141094;23753;31484;22867;25343;44973;9794;27928;12248;59919;23160;65851;100698;11081;56147;27625;81341;127525;105876;14192;232769;118877;25150;180389;13997;93592;12880;64104;12384;108797;244710;52184;68455;7357;415270;13557;6462;10423;43569;5695;194862;13491;63824;136243;15966;197910;35425;13278;16047;85772;110699;85158;100063;16321;255870;16743;76064;22437;18928;24397;645954;45763;102447;21744;248476;117845;8294;45366;152707;87636;115670;15536;170359;60756;135586;56228;125900;37194;28528;26838;32021;5938;11934;14602;9740;13328;84051;8522;15090;64322;16691;80148;50204;14163;16929;4962;32876;4882;10583;20344;45758;322843;5806;5998;281308;125132;192543;115824;6234;149241;13074;23969;10127;333892;129262;25670;83191;21626;410934;147163;46503;89299;8629;15738;119348;287990;102514;56030;52581;200366;236004;91329;8604;86339;26244;51619;30018;124911;361476;85703;87103;408667;83518;10574;212961;11415;33449;82618;94222;138583;10665;13592;57652;63702;162246;30044;56825;6622;82977;8061;186702;81321;12992;369694;9087;164848;9693;11265;117230;7762;27281;52056;30970;35200;43167;31286;37769;96205;28129;144730;19693;157719;19958;25475;29833;33744;8962;176867;142016;124419;186086;102184;8243;6174;5335;80802;141227;11905;37512;190343;466874;17351;347411;8542;18524;15492;80609;283269;26993;9223;16402;15440;14947;358974;40385;8825;92093;5242;16639;5907;73639;97074;17913;12135;11962;157706;125629;11153;5437;60613;54083;5480;47517;132071;158562;25367;174152;24543;13382;10773;5491;72799;78356;40161;103551;44956;33946;39808;45733;36491;50673;38240;207669;21094;54734;55929;105240;27938;24291;154733;263192;41580;38910;119699;168817;20271;11980;186735;22506;82505;188853;23845;11319;14796;7886;18164;48731;224400;151253;11953;7033;12039;183644;93894;38635;5742;59489;52096;82363;246623;267601;95998;11379;20373;7117;16146;42211;56653;32378;136195;92221;347590;30360;68410;93852;177055;285878;6211;5842;189709;38245;64058;17655;46409;253704;71489;42854;28762;17619;5833;24984;159514;8449;42299;77657;21847;71629;15610;95813;207692;20168;6180;96012;194674;24960;41652;22692;10019;123801;68166;121716;188843;16719;84840;12912;95153;111862;33124;8900;14705;10180;30634;24392;42378;31517;341955;13393;28705;22880;27870;33750;
17290852;168167;155528;149630;128860;44092;547621;534971;697400;3265508;116547;260084;786964;53495;123370;94135;221029;93081;82132;112078;28864;45408;53166;114079;14145;15313;49160;51690;75090;24545;37365;26942;21412;14679;19081;15523;60859;77864;51115;166806;168705;42256;65535;41321;127906;63759;92369;65213;73092;179374;86429;64538;182818;49099;105804;175438;24010;20634;45012;53857;66666;36470;36441;36611;92694;59437;65217;47325;67024;66657;878544;79339;33716;48791;118509;43130;74321;107286;35972;43481;16882;31511;36392;137839;20358;20237;23278;27958;64664;46549;38535;32533;35430;83006;46333;52540;35223;24129;23028;22911;29776;38627;25081;42047;34712;22921;13326;192472;17604;38311;40671;20270;24043;33681;23378;14626;14292;30327;40964;34189;23876;19046;20161;17541;15205;11183;15742;13653;8580;14209;35822;68807;50378;39440;17451;10318;13256;45709;7822;15956;7034;18985;9702;20228;25284;57172;18453;62233;104446;50428;48266;237452;102232;112138;10753;109725;59267;34623;24281;12144;160556;231551;7745;156171;14599;360997;25540;6277;35902;5569;7396;169079;9549;140041;109404;19305;122055;31685;16296;53850;270475;17767;40228;34233;30226;37617;43348;52775;43581;68288;54404;675686;30204;108815;17566;256340;10483;17445;54737;230911;48252;58148;37806;73415;32174;141167;54573;37496;17223;5823;10374;49469;25133;13851;36230;64307;9587;9553;21870;13545;14596;214980;127068;28259;13236;6095;36370;21292;19622;12668;23985;71674;395019;6704;15425;203992;187658;186217;72992;11183;201415;10273;137156;18564;205748;85666;21969;25335;65497;399301;145917;41699;65695;9062;6486;116361;287555;106687;8970;94211;199969;242653;7675;74858;44457;41680;46397;26615;25040;353068;67661;95230;406918;80013;12555;221722;6750;5901;107488;97635;123468;8870;27394;8447;41829;4686;58191;69343;80655;7275;19260;208837;34129;47436;347701;87190;72347;69199;90062;143505;17177;98769;386282;6329;499520;6575;139595;12500;7603;12699;20448;6441;120522;109117;33862;19193;21309;195839;11193;89267;99574;157095;77501;6860;24121;27077;53708;261835;17191;220048;75262;375672;5804;395335;10130;4821;12312;45637;173648;29174;11235;27891;12896;8145;429684;39905;41792;16149;10299;16341;8128;38183;139320;160003;52667;14063;14611;36218;14647;10460;14395;32563;42884;103750;162182;17473;98561;223043;62951;53592;90523;5092;153942;162882;56259;43048;14627;48562;32944;31302;23117;302741;38419;70555;9829;26516;29104;29979;29710;29709;146668;274930;15934;50266;136678;176933;19406;10500;152653;80400;57429;226096;5736;8874;10458;31019;277975;11890;167158;81096;38542;5774;14472;170478;250500;43148;12242;39734;10506;150485;86766;182749;13128;11435;10727;78269;225074;12579;218484;101545;12786;21279;282071;17678;20035;155826;7752;55425;64934;244857;244979;35702;13438;88495;24773;250397;19348;30293;45124;21080;10698;16097;132273;179184;22917;194267;31883;27575;94836;12801;35913;22498;30715;166917;220611;50136;40970;14508;13239;143181;66084;117136;192372;31501;70393;20897;69190;126002;8348;11460;82404;13012;49466;11639;24417;9198;292664;278341;75626;5286;50479;13662;
14881464;207933;72338;241900;70671;108970;796754;320057;881129;444284;66402;56615;41572;90848;36731;27706;39543;216886;182016;28917;18205;10885;85189;23549;24330;20115;43740;29057;316675;196167;27580;211131;75779;44110;236634;25873;31717;28559;9067;111163;124399;137621;55053;178601;355183;28607;55423;63658;27639;108868;23622;15760;12310;47198;198702;70002;228823;423366;102255;33344;387418;33485;16218;10197;35479;23209;26922;108212;585886;54889;52558;90084;265432;320904;109239;33196;17187;42933;22662;21795;21990;39206;34617;107013;63559;43045;44376;104488;79297;223072;19268;35740;347372;24701;16263;19992;26045;15055;180309;20897;25676;28507;20237;17780;17441;19141;17151;41538;76940;216807;206292;149289;20763;19240;29696;100602;32799;167039;21479;92101;94591;23002;70228;143292;237856;143972;112650;16987;24945;22381;40627;42138;55931;63830;60947;88866;37272;56794;51051;141161;37153;42469;22876;17944;24959;28103;68018;100767;14352;19555;36659;257173;118753;214409;12072;112755;19615;24704;6614;24490;136701;217930;4825;59196;34823;342166;36273;5295;17369;5641;46310;169011;13271;112996;110121;16142;120183;80969;6334;77219;327722;11763;158879;9048;10093;200666;174090;80818;16007;87631;18431;452423;14398;192004;16309;246974;18112;9582;6722;234615;33208;68142;14918;92656;24853;22583;32907;36596;48743;29907;9180;13233;10849;5577;5735;5871;26369;21339;16896;32881;74195;183199;115928;20647;9045;9058;20568;13468;18262;34792;28018;11965;407204;50516;9188;189565;138607;232860;21922;113935;210293;7478;198676;11021;166899;88277;182479;34901;153361;309713;147881;51538;75908;6724;6980;143424;278098;26201;5289;71425;211285;248911;32215;143987;7029;154801;9907;19472;48196;363255;53527;171300;344119;105947;32094;26947;49300;60344;37344;65473;4145;71632;20062;31597;17054;20890;35101;54884;34951;67419;45281;205656;111912;9317;428584;82157;23461;30779;32793;23696;30966;118947;446456;11287;465625;10659;201064;12553;6794;7456;6010;12252;127799;113696;21650;62699;124825;84745;53959;84789;24043;57207;20708;24882;8988;11095;61034;68031;186964;27033;153116;446586;6265;379722;5764;10232;113522;16330;234081;14798;6211;19071;89843;9122;384394;37337;43947;9007;5091;6287;9224;18596;199393;165271;36248;13696;156995;52377;12587;8859;47358;10258;16489;105059;31582;84322;120025;255525;65656;76538;74118;12459;170249;173939;26086;49515;70720;32494;18082;53510;25895;260326;45868;28570;94380;9055;56670;34239;11965;6445;74376;325458;10523;17373;15433;34048;22842;38892;297000;12064;36574;7396;20571;75459;32890;19473;292473;7117;78032;79159;21720;25955;14170;187617;303539;38196;12639;30516;12579;167248;84082;185879;33149;20195;19131;24532;31755;19938;343563;57374;20024;94879;300013;25883;28953;283668;32380;87263;10799;134714;248338;88401;12293;8588;23122;69414;42146;37598;30121;54862;41875;89416;116320;250153;7697;104324;5683;90844;217863;44579;30921;6818;17866;102998;202851;19862;31322;50470;14164;26151;69191;102655;163441;12650;91196;8307;23535;6643;5593;9488;10544;9918;11475;52016;64759;39718;302975;304957;66597;7604;49201;16308;
13258808;112099;92126;252690;65519;89835;892346;151624;952010;225348;76942;72222;39331;69422;57094;67074;55869;443326;148581;23393;49139;27001;30460;25643;144455;125591;88497;21978;148948;219079;76669;175265;96540;136325;28402;27539;44172;148259;8816;181584;69209;125120;35103;206728;9026;15629;63093;56676;68619;183832;20647;86681;20378;133950;173817;86286;186562;222202;48285;45509;98190;40571;71404;26150;30545;37995;39189;131290;1073614;11117;10552;147835;236822;302106;84801;21077;70959;52456;34762;15544;232271;20804;20765;39638;71807;20639;223328;44598;23433;42542;60807;72592;58547;38215;47456;56907;199918;18046;326531;39638;18592;76878;18440;32070;25789;15996;25372;20796;219963;125508;208711;156486;18987;12569;29103;27009;49871;36580;45032;38375;19445;60562;62779;20693;46223;20594;28104;24963;23038;30660;38200;152513;19796;29923;53466;14972;129614;54538;40971;25736;162379;8473;23306;21685;12980;13229;25442;56113;11357;11224;95150;150045;52199;287913;190544;29262;88126;40077;81914;10764;52626;157494;93327;68511;28946;287687;54752;13101;47822;17779;11217;152717;53291;15773;28818;9879;278127;52165;8637;15054;38693;61937;146477;9650;63676;42063;48254;40944;54590;54823;125434;600265;10138;120804;59484;293547;77163;8579;36490;320130;5616;111333;26333;171343;77504;23736;8755;63623;11319;10675;23881;10722;17271;100172;8141;9326;21301;10097;10837;17191;35964;13313;110353;62899;5955;7823;5550;8911;5387;36003;30941;8696;338840;40735;7982;172390;124532;240537;56521;11623;176142;7411;159406;33450;238687;13314;140279;59690;143168;307978;121669;28452;28844;22369;93589;116164;302414;143151;4670;54012;195751;208063;80846;34393;88369;18287;106922;73794;147335;228962;30252;170480;318175;9527;44435;58226;18047;146071;54857;27696;207287;23418;6662;9721;53052;377398;6931;215900;4767;17871;259895;5262;38202;139859;209364;78781;132297;15875;107405;200782;31545;26325;308420;29590;481403;9512;151973;6389;5622;9523;6151;28262;132050;123816;30598;22512;34875;96302;24052;38124;353157;262501;12856;46698;51376;34701;6735;90570;146223;11765;16012;429482;19996;381304;6923;8087;158143;57968;162042;17013;6508;7900;117803;8822;280726;13199;24864;25428;5645;5438;15396;17926;234258;185920;12398;8477;135275;51487;14458;7766;9568;118323;12519;24612;9342;28757;50209;136811;47773;34857;49560;6549;106703;361226;46383;119092;43731;114179;14391;13581;42936;124613;16137;61612;8271;55948;223241;33087;24455;54261;12826;225569;17957;63452;156180;119295;116635;91534;23585;20559;129096;200458;15467;23785;17905;22961;210863;6602;65192;13014;15430;28989;47999;184090;8017;40279;18539;32937;26421;48108;278832;120240;11541;5805;5248;98827;30245;62148;325932;75623;15642;15145;212655;9829;11310;327226;15896;14611;23417;179336;243352;84866;31697;119219;59949;221053;16126;83939;6067;41255;31784;36523;15157;224166;6045;106729;7976;42247;53147;51525;33929;34288;86865;114342;232304;137010;35124;47351;35872;85992;154036;92658;165814;55448;111334;8898;42312;8884;81498;5590;20196;6723;23668;29746;145873;10505;215327;288517;68979;10891;35451;5083;
7549181;116413;60642;266343;85597;96003;852419;77371;903134;96790;46114;53576;105043;44991;91840;115365;211270;549244;169728;88987;38377;28453;42071;34112;28133;35399;16563;25404;25565;29679;10026;28483;21625;56431;284005;338210;16877;89462;36020;106599;12761;22887;25352;21362;152951;82618;128289;74306;52697;44800;26619;21876;23260;77470;25759;124508;129352;173139;154074;25963;28117;17621;23412;27369;132683;63493;79917;89706;716231;10822;10997;135842;185192;393138;14613;33244;128384;33886;30791;15233;280341;22465;14984;61482;59614;19318;235239;26570;21362;16707;21150;130342;29134;9474;35416;39941;118611;82929;79170;65059;136546;78315;58651;132767;43796;138141;148689;126199;273232;129303;214162;133890;19824;23250;90896;74231;38386;29553;21311;134330;23588;24249;104346;224544;213200;117939;112243;133249;30530;14026;20291;80602;116545;131716;170080;29953;139151;6927;10581;33252;31081;26023;79941;16316;106060;30171;33617;11399;34423;33156;93037;125045;33860;191817;162391;50153;85115;90282;75100;8204;69765;123422;81625;93296;18964;246674;25176;12335;23746;6200;19849;44643;51217;36219;20803;54948;263859;52893;9682;25574;177171;180557;82930;130302;18192;160745;122393;6118;12905;36104;16064;535246;19221;162526;62789;252996;9544;9353;59815;270339;57031;17874;47265;160622;128884;143375;10839;66879;28692;25563;14095;30472;6838;16163;15896;12157;7491;50057;7441;15369;24373;26665;29711;29009;8526;10788;13347;7670;15836;11960;6700;23735;284135;26239;13154;109926;120287;274860;51899;86468;22760;52118;143472;7929;91494;119442;255876;85991;72723;343832;72745;32860;34339;32743;53009;135700;298511;137903;6631;51313;196792;158387;58200;47866;107589;87486;66261;83559;13004;306689;24075;164232;305068;91935;12246;106743;17944;20610;22095;42344;42852;35927;103684;12230;53232;389998;7844;220146;20608;14492;125412;6368;48327;108777;190861;88999;31899;111344;98647;185127;10457;15733;317350;13818;544287;13458;135422;6703;6042;10447;5475;24284;176278;120572;42538;77115;128930;141822;159806;7122;269022;244867;6672;64721;97890;34058;6895;73765;141974;132181;12593;340464;8484;375488;14423;16282;135452;41813;151071;9294;5450;16345;78523;7807;326800;23807;13901;22539;17145;16879;7742;7853;198088;142849;13568;12874;22626;112703;8058;17355;16495;208065;60088;74231;59685;126949;70628;274044;6573;6738;10031;109977;11579;205477;39504;164816;13029;35718;7430;29924;52871;74328;113295;104352;5018;14056;198073;15121;71725;19015;93545;57338;96205;15593;216510;120280;108409;97906;69589;12493;88592;36553;4676;5808;62595;17902;215438;13815;26838;12635;54117;31124;131040;105213;232557;14409;10506;43157;5047;13275;125491;50696;20129;28885;21312;62951;31804;26983;37375;26055;45975;96015;32920;38342;41114;106455;30523;35860;130295;169863;23470;26455;44140;255983;108978;187887;213547;7020;5625;6521;5057;46665;125248;221202;13828;86026;65120;6582;136412;10354;5151;5354;71136;91055;165274;148439;35462;45533;13321;130220;138912;76211;148721;71270;98028;8034;17102;28426;70722;12336;48204;12429;32762;15375;11753;13961;236713;303775;67593;15704;39327;11102;
7130173;308364;70479;384198;84256;71251;472387;111200;1227972;116115;57212;65211;38996;131551;117395;102106;238035;492496;152641;64504;26274;17950;135981;25135;20268;46741;25329;102421;180994;238488;59950;96187;132021;96443;344563;325282;54007;42744;30246;93711;38198;9468;20232;18186;241401;61092;72513;129480;31985;63079;38936;18899;23732;89788;22915;179442;54185;71194;98225;69009;43665;51181;47703;107654;165010;76145;79505;25284;989750;11054;48046;138212;135322;72738;30227;212709;83638;63612;24876;17957;306251;21396;26609;47545;30569;19391;294676;16668;49336;103853;36235;14211;58157;30910;23513;18647;12742;44548;24348;16268;39938;57976;11525;15881;26687;11856;13677;55779;24058;33078;20446;42644;104219;130852;131831;183025;20073;117399;21656;29255;50206;18587;53066;213169;213621;107966;120352;120893;50835;36245;22563;97171;45585;53743;27755;10696;21452;11010;14448;35316;33228;141897;132999;164883;36350;21964;20318;38182;116347;177537;8882;115025;15677;171230;147705;53298;34160;60587;91595;10046;93483;89656;34308;122065;4770;203009;10307;48174;8029;5517;70143;226248;16401;40107;75549;48018;119655;15554;9524;93437;90428;162089;78489;142673;20054;172223;23099;30459;10183;120396;31120;347468;8105;201059;50921;286763;93458;6939;54381;270391;6293;32607;13946;286772;128506;11790;40992;31735;18631;8691;36137;8980;16473;92862;10183;97356;26358;43376;6480;10838;83291;11968;29289;46107;5745;15497;121019;14311;10553;16754;11397;21864;238325;5993;56796;101696;130818;249412;13081;148594;149028;9215;25026;18510;98446;99814;218934;20805;189720;314077;12654;12669;60272;81045;75290;184147;316910;119993;58743;23568;222821;129525;33894;47728;66913;22791;57433;33134;27824;282258;26721;154315;344392;8124;5820;141195;18718;25226;65248;12621;290882;34979;6124;107058;13785;285405;6454;217541;10714;44157;216017;7364;17432;67029;161797;109962;14985;111484;12023;217502;7410;167324;313052;10806;490833;41370;34953;10981;12813;46939;7093;29287;183252;154197;56714;93444;115706;142219;172569;15133;303580;160723;73786;67720;73280;24573;6362;6041;197047;150139;35714;320020;13656;368207;35229;14593;151277;10556;159614;10183;26174;25292;64913;7633;328871;129077;114051;21723;10490;9808;6288;11891;91120;146241;5327;13800;26528;4298;44248;48742;27812;244809;89589;50042;58961;110161;90041;269771;7378;11270;12160;123257;30012;174095;30124;104596;228493;11927;96450;4898;17919;185375;12487;128271;6179;41278;87260;204497;52497;78913;4918;119983;22229;11757;209824;145971;96417;74463;90515;16186;84212;55020;10831;5510;25321;16136;24810;28168;59585;43638;55373;42144;148532;16968;331185;14878;13699;45992;42482;159441;50721;298928;124739;30800;92538;31776;48451;9007;102793;18306;247685;14725;68381;28498;51617;270039;124875;203551;34879;14819;41713;37866;4958;158312;104771;207374;22362;72606;21040;5351;9810;20639;256114;222200;12863;91644;27507;9456;143423;139056;8854;6835;10502;37238;186582;165292;38533;65538;12425;131278;135041;30624;116711;125055;65136;14586;12910;22227;21210;18483;17034;20334;11210;11926;12779;8664;214974;330754;77427;6347;82673;28638;
6484334;270347;94474;361445;94537;87853;196928;142941;1142302;69727;110413;88389;71796;140459;72699;99955;264142;290920;73086;113922;25620;18249;144190;143568;113421;184991;85235;231663;114129;220444;26333;100969;40705;239131;327087;350970;34008;26069;15740;23792;17942;24080;107701;26771;188162;42220;55866;39174;26721;14026;17183;16724;32382;19914;18666;13609;208722;95922;155056;62780;415808;45343;19123;43028;46249;42791;21020;22241;580152;11099;10325;126625;98228;21264;25027;259572;28745;72750;32891;20281;352989;22501;87331;37496;42240;42637;235658;19929;25969;18855;49321;96279;132156;14617;37012;69537;35630;59203;36548;45962;118888;76767;47472;72883;87867;152187;35346;70061;69097;69972;75966;142615;28339;115811;49834;205848;45306;52588;14181;94415;38202;85613;75293;155149;276940;107905;68208;16877;22515;14554;139100;201491;47458;44690;37165;20580;43907;62161;36473;89644;8904;74970;67364;170437;34393;6877;53095;21690;36693;96347;15179;172832;10579;179535;12142;92632;21359;63271;60995;12411;15936;128394;9853;108604;21184;36902;39816;27509;26556;18632;129579;129769;15561;59090;61011;26646;160917;10369;11818;71649;121414;135262;22812;45213;22982;187978;11383;13729;12184;5352;35860;456977;53297;180374;66770;256797;16335;34242;10956;286501;19303;23275;22536;167294;148169;17235;27891;18565;13991;27390;42049;6466;23283;6516;4946;39369;11633;14556;5790;42796;42302;120041;21586;12210;46081;37248;25990;16716;11874;5379;6466;85684;244182;16434;301159;183028;6157;11840;30448;97679;204219;41931;206849;32129;13287;24334;227665;8977;182521;217035;31945;60083;50162;63928;67630;162082;235722;7954;69831;85562;453181;204257;8570;105322;12625;234501;111840;6511;22884;335049;19498;57986;195374;32907;98301;278981;27030;136698;16615;9587;211557;26259;6320;102315;71003;207977;18395;241750;14368;117544;124645;9211;69340;70996;96231;23642;65961;89489;68382;110968;37244;77342;251053;8471;505199;22327;11797;18832;22530;13783;18258;15789;272560;159662;58324;81501;99449;152364;143021;18487;249501;193379;94916;62769;56269;10163;5747;7228;156761;174249;8105;366750;12047;377611;39881;10170;39692;19558;28388;4482;49731;49192;33787;60519;342651;130191;122587;13602;9364;34187;5054;87637;36867;225024;7389;27380;92389;13820;18487;41754;7698;150273;74036;48320;41540;84259;63416;266509;7289;12303;10920;119926;14237;212449;15749;101660;260441;7193;83638;7203;36853;200742;25393;159864;153856;29778;7992;134419;41675;100848;5354;102288;16446;11863;136592;71229;32597;116034;110902;12552;63884;23694;9859;22965;38654;98848;124590;12026;127271;209006;18678;9787;50475;4729;175561;18653;17433;11609;12076;248718;11980;362128;109310;17530;52241;10914;73864;11803;36313;5486;240847;26286;70367;38360;66268;262283;130229;186706;36189;10878;8322;6537;76326;206725;90152;234161;27359;115739;26493;53345;14995;125497;181088;138519;17346;77148;16480;6305;138265;218121;7425;9915;9600;56150;167015;160615;50964;61063;7726;125822;139818;13891;109005;136685;60918;30083;13027;74791;19670;4971;29375;12002;14192;84525;27022;73149;177934;236821;64734;13697;66857;9099;
2816455;214820;199969;363646;108899;55063;229101;371706;71548;91271;288279;165166;57660;342847;289105;66540;495940;22342;90740;257901;11417;55248;250278;105416;100043;180385;18036;249215;26088;175750;20519;139947;13080;239593;409371;74061;21431;24542;51793;63354;38120;141562;130587;39915;33283;18526;32098;135017;13481;16827;17965;19732;12175;52976;54065;35976;229389;94572;137717;51263;422566;34642;19580;34365;49144;33454;18916;22495;602598;11115;10656;114543;12028;24652;119313;313929;34766;28592;27560;38802;516780;44557;39038;42562;32018;43850;238390;28550;83576;26367;45154;41301;48066;38029;42612;56229;39828;71837;105421;50507;150670;51574;43674;85323;42620;38227;19994;46274;51253;41176;77494;49843;94889;85783;19261;52983;55498;54394;81701;54743;136033;39237;26251;76110;40973;34142;39622;29335;24153;19234;25764;70647;77806;169313;134061;12783;14523;15959;67364;52989;127995;53205;64388;36971;15768;11148;4233;7146;10746;13954;36106;27048;27645;12605;19282;8658;23501;20637;23532;10421;9794;16404;15475;4579;21146;20193;15979;21174;8968;12368;8390;22419;20314;10213;5875;14288;17044;4435;7130;12704;7259;24642;8341;7342;6797;10858;9646;7980;7789;8071;8539;8269;24922;6232;9984;30016;5472;41259;45643;171933;97956;22837;24656;204735;53868;5870;21411;97397;28869;8770;30844;38128;16369;38580;28540;18574;12247;18117;40724;24850;15316;164890;19698;113460;5979;12020;31252;5731;5909;16135;19848;80607;209160;10652;293765;187848;112075;135533;24787;16629;109300;13560;277016;27567;14033;102521;212476;77618;188100;837171;20232;14939;15808;13498;11971;13564;20837;7461;5837;5866;401646;280754;10105;131785;12482;238097;79145;38801;88746;510218;5822;42077;9429;22289;125042;306079;11924;131659;5867;16488;164451;80657;19795;173558;98139;204650;16689;197368;44935;65496;122873;8681;71695;72581;211052;152082;181383;95559;92823;141386;6516;107864;224643;114747;347714;6031;16513;9491;10304;18944;12016;8164;258474;136103;9342;89543;154132;139190;192890;102371;195342;231311;78765;80868;57274;6558;7752;94945;154578;192738;21807;362087;17736;372127;44397;14191;81979;17330;18486;25313;24619;12910;27584;152594;266276;119696;81935;17975;17477;31187;17587;79175;60266;121545;9486;15262;8820;57246;51600;19678;36806;115659;98276;46732;48760;24100;120539;254782;6889;16421;12676;97378;62649;143783;13796;137335;257244;10123;81095;6855;61046;192396;28925;158673;145306;11318;8827;122742;42088;11196;56882;116523;7043;29589;99033;31073;42970;23455;13127;226900;84248;8787;5681;62951;11281;34564;85240;43989;75383;33132;30706;42536;59849;123721;67658;97226;24091;15884;44991;173319;12127;298236;63845;9087;5737;21087;78515;13332;81995;125428;142102;67370;272034;17113;16947;217432;114232;8833;13461;158423;11637;63942;49687;159578;74211;220128;12302;15233;10605;36079;27553;180223;191834;166925;29579;29897;25350;16152;9578;257706;31929;46814;7447;36528;75327;147730;56466;71912;14995;13996;156999;22731;121437;85561;40770;17819;28948;57885;12464;30874;8226;20383;16367;11370;125806;90406;93585;305294;52092;55395;29250;17094;
1408258;281787;185645;65331;106384;255768;280252;84682;126763;138891;121698;129289;101029;373831;75833;230640;318331;186146;124581;250388;63398;110022;214454;79662;175817;200847;25577;106824;125255;166101;106419;76616;34683;201520;504026;96735;42699;15014;43931;80247;30427;24982;52919;136163;9763;94164;26727;113706;60163;22528;524290;44628;37779;47844;24555;88467;298017;45952;62362;68097;74243;62693;27808;24216;189402;67609;28363;196940;775686;11120;11006;32871;36321;66523;109262;268943;19004;35903;14862;19481;560262;28663;29536;21164;54376;45314;240263;43271;43985;16962;144480;21325;287748;26882;31911;26426;31881;9406;27558;88671;61263;14551;34190;20073;18448;15958;17181;15217;40314;132938;225586;122732;15257;24577;38527;250506;16829;25816;26317;26100;297986;27578;19754;36111;169989;289284;94249;76849;98564;41530;23341;150400;161428;197014;227486;11968;53684;24972;10144;80681;11941;20552;20483;16989;75269;33730;13386;12349;12564;31869;128586;302981;175302;14705;8504;39740;19456;45274;45615;57049;232710;177992;45058;152550;19308;266062;106560;5574;48761;72360;9919;141919;16060;78752;99074;49592;68767;15641;77453;104865;316789;98760;14938;234252;36604;191520;22294;9478;36126;9522;7170;43701;33542;30447;31169;36326;35208;35628;33357;46756;30573;28095;11071;39103;36791;26930;38034;40178;28783;22624;34731;33590;32873;32818;31518;37942;43347;23020;32421;29883;36642;37914;27976;34141;31109;28742;49764;45582;21844;30027;68769;173777;223626;11193;290692;180876;114869;14467;30958;93092;159645;26055;213858;12407;21738;188625;208103;117630;168222;477684;208707;17886;14890;8276;7218;8130;331928;51671;21761;43890;504614;235682;6761;59437;7106;145687;58974;12227;123573;503063;21589;12951;26489;23398;100218;308966;17535;127197;8232;94593;59082;68832;58213;74579;62046;205722;28241;187803;37779;60279;120669;25842;77696;12843;218384;138715;157093;55547;121350;136410;14864;14001;259612;128566;195745;18492;9129;34881;16269;22857;19755;78479;188815;155117;8393;92835;154434;97284;154499;97862;193175;237184;41061;102427;50150;6168;8140;20319;214061;10981;109815;345846;67954;279845;59511;19607;9185;17420;35678;21638;82965;63720;38270;37366;315186;120785;25342;7166;5211;11287;13884;67573;239631;169885;11953;73272;8547;41393;4883;15255;11101;83550;10869;117924;76329;12479;136503;296852;7932;9410;12642;77277;10768;218860;61578;149980;235135;10581;43929;11745;62344;289985;16705;168265;156894;11857;8969;18768;136888;17598;9243;19500;57823;71167;178877;35307;27360;23240;25639;213618;98987;279615;12984;12588;11431;71809;85832;23086;181587;88714;28827;42788;74296;85956;359467;5985;5848;5915;12504;106387;15314;39753;22891;49581;23561;110592;103204;14118;221225;153995;154278;17635;345590;42791;25454;232731;133921;18206;22431;153573;174379;30913;126372;123648;77062;136455;8631;9680;25979;26400;23136;110520;162579;85470;24079;104975;10202;22596;40349;272694;14744;27286;8776;30531;66509;55910;22111;30482;107792;24815;33379;34018;32690;25134;28633;25889;18267;42411;29561;28459;22266;23095;32725;39446;32872;216238;92872;291486;36835;29233;5877;22550;
1010461;148773;197900;152038;122212;307668;234034;234743;171151;178384;150638;142524;157891;336554;147895;161986;393156;241907;101253;196692;68714;84990;164583;77676;173889;85121;52607;176533;78861;78019;72715;101773;71450;193620;407778;13169;21043;89041;9739;50256;55946;57526;55933;71506;112695;105123;22834;71561;153100;100260;502327;29621;22632;20656;77868;63860;144868;25957;50762;109476;19388;21918;99104;54400;64281;59081;79758;245358;654813;10995;10333;12500;20127;98370;102745;94790;34112;52595;56542;50243;296863;66872;36966;55444;217119;22099;321100;58778;19268;17922;172882;32341;248338;69635;15022;37286;23587;16354;50225;46767;13248;122673;21995;19399;12801;13228;132379;232614;86091;36505;19200;101388;57694;112988;56209;78554;8017;31381;154137;68449;333892;30545;66896;22527;122793;232163;133918;50504;108412;42028;22110;127452;132527;151132;263484;8989;94610;19275;49099;24303;163332;15307;24073;38968;8966;39846;15029;14749;7961;12720;150659;286437;181462;24544;19649;238895;67394;16723;6500;9044;182033;165253;47321;177510;34018;246192;98262;11424;41030;63629;6244;145614;13362;79269;119405;16333;14039;4911;91643;19469;295179;98218;11622;129421;74681;172676;131826;22266;10020;81286;5028;314381;13044;125276;149893;104319;10330;52821;17430;378456;80615;21996;4506;203178;28405;36000;28823;6833;7644;22870;22250;35294;6584;36392;9340;98267;11269;10704;26491;7431;9760;45237;30553;22635;36099;30751;37374;20134;8602;9850;4359;116514;100024;110869;293287;194696;101727;11204;27071;109179;23985;40197;62566;13481;44963;120385;299179;78898;209481;500509;213289;86250;17914;8270;18383;45534;130977;115776;6500;6087;458801;250457;7407;11397;40964;147015;16045;33101;209934;493162;57228;53839;123276;29903;30002;285876;10813;58490;75734;107567;60172;17516;133385;107639;64439;203960;28841;191960;40415;68293;121395;12081;40363;33593;130359;146036;22096;232689;109428;124074;15865;75432;211097;111480;190422;6355;6438;13841;21484;19059;47281;54281;177723;135595;18312;51997;178099;34220;7809;121997;297523;194644;11991;151486;25446;9725;12971;40024;148092;104590;181360;191997;30616;292912;44157;19535;122987;141743;87763;7987;12635;16496;179628;31201;173543;116363;18588;8485;5114;10831;13013;83078;244700;119971;15527;84869;110898;36493;17423;6012;85091;72642;9807;8913;115377;13487;146132;297649;9894;39089;19301;61920;49593;130704;13903;180004;210875;12730;7287;49178;79174;236913;19797;195885;202924;7264;6666;14017;155274;22857;36461;207845;90413;76143;12001;221428;83596;94177;9190;27985;14908;204218;39534;10266;15538;56389;88990;20361;207956;74642;6100;79572;82955;93292;357983;5817;11276;8993;8380;128598;27893;494407;28790;63410;9983;12331;163288;26350;64469;84033;178461;15172;338204;29296;26171;233883;115666;28825;6293;149849;170578;23967;14321;7956;274695;334523;296070;10682;14912;12271;12979;8291;149735;163082;40898;79710;17413;12764;11985;184575;11889;13479;5756;77198;82087;31113;22104;38473;140095;10025;112418;150618;80705;43893;24064;25893;40037;11528;13964;12106;5071;49504;38080;36045;98410;116861;172400;183584;27617;22601;7059;95193;
678185;324858;171266;183826;128287;85538;331326;306099;138945;329382;240332;85439;60852;286289;125168;406448;641278;354554;188206;29454;12874;22641;65825;27501;19961;15733;57051;237339;196574;221419;54212;19008;186503;101397;150849;14815;85717;22090;8769;186485;154374;90001;60463;228993;20275;21140;112908;36117;14875;26128;17415;34436;13099;14811;49595;19886;68474;294457;29347;12755;24338;7785;109420;21450;29130;31387;14343;91421;967104;16403;26682;27234;14040;163972;59515;8197;72294;69447;68114;65756;256786;105200;47640;77993;71621;104822;310305;34217;108623;79583;43201;29658;32773;12160;25207;33473;32804;31442;45997;24652;18119;42145;12923;13441;19150;15654;40941;19384;102291;36057;23726;28086;82438;33065;33194;61796;66845;50063;119207;76131;234131;14775;64436;87518;229167;229887;106827;25348;25672;26538;110921;47858;21459;381877;310797;14211;114907;61973;28368;17437;178068;11169;8653;7405;9176;38436;12655;21158;36437;215029;61104;197471;186188;32908;91156;164206;61614;30980;15579;7741;52391;230543;57020;192113;7964;237453;102864;6621;20273;61846;5736;118878;33585;110396;104615;15678;57845;146160;6416;22360;204228;17965;19041;107499;55795;74973;195213;35945;11948;30059;12449;550630;10076;119054;131647;10149;25790;80970;48853;319982;34437;13466;44215;187912;15965;4141;13537;6905;10523;16123;5582;10231;10341;6347;11461;9119;40634;30083;25971;37229;14368;5710;5913;5179;9303;49113;39275;36832;31376;36969;63012;77917;91385;94325;342556;204516;106166;148712;8623;61229;213634;38729;153902;52599;194114;18631;156648;71911;165356;472559;210594;81078;6494;7590;12642;60791;134826;38042;11511;34184;414868;245585;6403;17873;69249;240713;52081;32142;75408;499686;15885;30419;172501;11070;49746;276720;4841;92893;68809;100255;57248;21874;95112;106589;12331;225220;20412;192957;32136;62843;149346;10512;21381;7352;231430;145839;32693;218131;8229;202799;25421;75707;184249;109993;15819;9762;40397;8330;42853;27175;35671;42999;34102;32726;35318;53569;32640;54916;41881;102537;265530;112497;114720;142100;29517;20404;11110;91067;131435;102154;177228;244507;14935;283322;9922;62156;109614;148469;20525;26612;22037;8773;19607;80810;19806;22265;19418;36131;17679;30779;34210;160586;220102;139438;12283;102882;128353;14061;17482;8426;12209;22211;79524;12055;99654;6684;110121;317324;25228;8207;11009;14749;64956;193662;32373;124567;238080;10371;30478;15536;62491;224100;7517;212953;40196;9378;7322;76301;207743;6940;28434;260405;38891;89311;50024;171718;83486;20627;52044;96500;13000;208389;19920;5850;20201;17296;50947;20176;256536;115164;10930;50671;65574;116941;352804;10556;32000;25660;8874;52247;149794;435367;21149;6514;6644;18688;145389;15281;74526;26350;120415;22765;344829;12164;49083;170248;109464;20605;10447;159497;181122;11843;10045;17000;264470;339995;282186;11039;5895;6919;11161;6221;180701;129673;35475;69766;76303;26379;99683;102818;285894;4531;53728;9914;39964;7112;32711;85556;96858;245615;4847;11818;11583;19862;23706;19297;15773;19672;22129;31105;19532;18400;35764;40179;83825;9352;239950;227882;10148;7309;9733;70683;
1234304;464427;71916;120455;189612;87356;332287;100180;69018;95489;123498;87776;72432;53251;71299;194340;414861;296722;30714;263704;31392;15579;25741;130848;71252;86502;20544;405350;174101;221994;25478;63053;192551;92160;164375;17281;91214;26414;8759;215273;122094;83190;67351;249531;40567;17465;65233;23314;56304;15305;81656;55640;56110;94750;89000;255107;223250;80630;25080;75085;363186;24038;26285;30342;22449;14898;22837;109499;342320;36092;40999;15690;18983;42608;46781;44612;38495;24526;34774;44657;30629;40880;31720;162239;91635;120534;230304;16071;38971;15073;46536;51669;21141;10727;12760;13922;43460;8872;40027;48892;18168;34977;14636;17389;18420;49429;23230;25972;31494;154673;81573;148263;19457;26874;12236;190986;17742;163857;20028;130305;89911;45807;35809;20311;130577;120092;8326;27004;41091;63512;294756;84656;53039;346415;226703;35824;11586;18852;14289;16142;35417;85494;10458;53810;126685;23426;30086;23713;46028;194019;59815;180682;160526;31443;108019;179188;63502;6375;104154;18877;73387;147333;39191;203451;16135;208476;114588;10927;26233;19677;13772;149218;9302;101542;64227;10753;82902;102815;23555;7323;192013;12025;40556;27861;55020;182754;192323;49923;16097;70788;10863;231079;12303;141378;101670;170793;10034;94302;109813;215941;125727;8613;58058;202456;16903;11716;12407;41012;21848;9229;5430;6713;9569;4625;5080;5478;16363;5375;7434;17085;15488;5820;6522;24021;12727;22998;28730;12311;4643;17835;28619;88205;108299;93846;297780;208013;99995;109712;56858;56221;227641;25704;157257;71148;186877;7142;131696;8553;258655;472704;204137;81909;8920;9671;30180;31156;156560;9160;56215;7150;437406;259105;7503;39071;17708;316140;31588;17924;100429;493557;57254;13947;105876;5806;80172;114253;162405;105524;74787;105953;20253;15807;157466;113678;17957;264703;42416;177249;59442;36272;100911;45102;14214;21364;226031;68549;89182;203644;31061;210385;10588;113321;215204;102512;405507;17190;138731;7088;7483;34224;6579;81450;38830;158469;154062;14376;10843;14569;40415;19993;258782;101710;121136;138483;24165;50236;30671;30443;162438;78008;25021;300591;31492;298300;6394;60698;28572;212958;190834;16335;15487;8839;118614;8031;103336;105602;10033;18793;5226;26664;11850;117371;123565;27311;5528;240879;163365;55749;18962;6430;88118;85334;6883;19336;145693;6368;64836;316159;29114;9251;9134;6162;85142;177566;12235;124373;240652;14767;32288;12805;18075;244807;67760;115446;104602;9034;87150;18710;174925;10479;10080;297450;13824;8696;167554;164400;39363;13847;13869;40146;29804;31983;21954;38236;57738;27352;46017;69738;168380;26889;5772;58033;71735;101015;185293;120830;12305;30519;25065;83796;97345;459411;10417;9630;27207;18967;100941;27882;32255;59877;29036;92028;235923;88475;32620;188235;114725;30850;9076;34783;44526;27932;30249;61876;174571;357209;302430;28095;5381;6980;9930;6214;74295;154907;13391;94594;79714;41619;130696;12337;301383;8415;40506;12147;30809;18224;5013;70921;62065;307721;7769;65298;89699;41563;158064;4669;15792;40625;17468;17922;8402;27712;78132;7492;56069;19014;207547;221445;37407;27731;25369;12810;
932834;222363;168745;187698;71038;62761;314196;137112;82162;103219;64275;47105;60268;310082;159445;270804;469892;241109;52407;203057;38451;16347;130227;63921;143287;87144;25959;405588;179974;41830;39404;49677;25233;114597;141439;56382;133641;66482;58765;257270;96792;56108;66797;53616;19804;70364;164497;69191;106494;11871;17922;22752;14423;15562;12156;12565;9035;37271;16268;55873;594070;27248;51482;34384;23193;15692;45767;109996;564412;11042;10324;41467;26490;38953;10304;66389;19976;32529;25351;33460;47907;48505;21979;260891;44940;133681;32757;134028;19018;17883;14541;25685;30551;17735;12322;20893;40254;15838;261320;70819;17006;53238;27883;20359;24882;24851;17250;24527;115454;19806;11555;68563;172446;197918;15089;141567;25424;16785;76372;284036;141096;12767;26552;32488;52150;43012;7472;73904;109755;111789;247588;21615;35866;111732;15265;138522;50604;41568;77466;155687;42979;15638;39097;186335;143728;11883;73173;15221;75929;87464;26351;199198;32511;21320;167683;71048;112618;16140;109348;5500;11327;222899;8789;200561;60850;198986;49389;27645;5439;7591;106684;144650;11892;72383;83470;15136;110320;4366;31657;26417;156904;154027;201901;65661;41895;16396;175284;16423;9685;120969;7020;311105;11400;140957;14048;121540;29506;184395;133266;221627;122774;95102;6978;127216;101281;179430;10206;42510;6747;9530;12349;10327;5078;14760;26333;11268;17787;32453;6409;68599;8107;11019;64174;98083;19732;10717;97335;19218;9766;12298;17504;14725;140708;18003;189165;21529;203358;166288;41604;49332;240104;10903;180823;35845;192510;9829;140451;12931;239823;451566;202822;90440;19361;8470;20134;31626;158340;13785;22578;25293;387746;251150;32672;250269;6765;28456;11602;49960;130208;577297;24330;20927;16042;81409;55193;91324;218230;87387;91843;15678;20109;19368;64319;34139;28892;253294;23294;177924;26037;41114;89488;47414;9548;102193;8837;63711;56329;158563;11506;173288;24785;118109;197800;45961;442856;16736;85353;7738;5731;12879;58674;64059;51330;143414;155341;49709;113913;38668;198642;12665;123399;107400;97499;151020;18128;10916;14524;40670;100212;64756;39029;248851;9289;227280;8547;29343;22591;217951;268520;51783;7009;7674;148459;9236;115342;31270;11583;9339;14397;5838;31809;167176;129115;18915;10848;182542;151416;54656;27118;5653;128977;104851;6712;35816;103315;153446;34457;147757;11306;86115;108528;20843;141335;21011;41209;205138;158662;60489;11520;9592;37091;172254;46003;123404;12963;6713;197170;8598;165167;40629;13940;151929;6391;55332;185076;140852;86383;117877;12929;221875;58852;11177;44561;6925;16665;13168;236629;15334;89200;21964;20344;65920;13206;119235;146994;125129;20473;29080;13860;155596;72801;429829;110371;24932;51771;132683;8285;7718;7084;43121;15803;33270;157146;129063;19961;215751;110989;279106;5856;12362;234654;55071;15161;49206;12909;411765;320626;11368;27058;6606;10820;5754;90426;127151;24263;95988;85758;7961;157754;6825;363175;12335;36900;17724;25199;18442;8672;51985;23471;331191;12747;14142;111487;48751;30870;36284;49282;42192;30832;30042;30547;38880;71903;15075;8507;33717;191910;184357;8875;12702;80496;11870;
543109;181454;142088;164041;132545;81761;350399;75793;81750;66049;107694;66681;75531;383507;149676;224549;443001;187731;66551;264594;35284;44185;83818;102214;75013;72036;52784;356806;94496;78945;68961;84678;81089;82563;118610;73427;77763;61569;71619;222363;28653;50544;70038;21970;53621;68418;77493;143187;130055;31553;74213;72625;72419;68891;114864;244665;192409;151912;16201;92146;603058;24290;11552;29664;37751;17944;37551;11185;446569;12262;12099;25727;59907;24451;16318;35174;46886;59693;23487;27169;68614;71417;72183;218256;19207;133392;43224;79284;56125;38587;24754;20161;27318;14652;24897;33651;17365;75487;76406;160930;59426;25661;21149;34527;21455;12260;28216;59067;133716;37260;57762;80905;25462;90701;76347;56951;126503;34667;56474;164990;39997;124752;40599;20967;15654;106959;74219;107492;63390;69260;185306;71068;67124;54104;107346;148778;68966;15149;66219;104975;26655;98037;34983;265729;179559;10875;98216;6801;7750;111993;17690;145236;113830;37857;160516;74567;127092;13069;130577;9755;23101;30690;26369;208537;5699;228692;15361;6179;5764;20846;129372;45520;65391;25774;3662;29669;46619;28831;45849;61783;180384;192831;98985;126310;36025;17677;40431;25313;81711;34577;27859;460708;61058;36431;58137;55317;21983;199619;71359;81663;27976;30175;17355;264980;23270;118740;75297;109857;5820;12029;10062;15593;5477;58491;6810;60810;14796;19361;73472;32078;12505;60869;28834;130268;13874;5848;75943;33925;26057;8358;8451;8246;146910;23604;196340;34255;186956;144411;6865;118641;222050;44214;221565;53302;179671;59181;10183;68868;267493;463764;222129;91158;12670;78955;15679;68422;92589;65389;6506;9531;406676;254341;38715;240246;25690;15499;10506;57398;30395;577093;6112;13851;40707;65015;39545;61265;42828;114949;38164;25995;33704;91211;16192;184672;11034;207647;9746;198680;7033;61932;6315;39750;35133;138746;76229;37239;26460;25066;41812;22344;37648;55103;271276;36117;448929;29292;83816;22311;12496;8962;62937;46020;19121;110656;110508;42251;103138;12850;181247;9741;19161;167909;119741;120563;15606;6684;8128;82762;193363;101178;143073;163812;14930;237574;28436;14199;8839;165075;235451;50730;7854;12741;165328;5530;143257;6459;6170;13695;9869;35862;22779;173731;79016;46515;10180;203134;158868;18134;12529;7069;13274;47652;76108;82480;123604;182708;15650;150361;6300;99408;89101;16769;132166;128137;11714;45184;123444;93878;36226;9366;72849;187988;22230;20460;7334;26997;47620;63225;104753;12014;14211;151146;28831;37583;273575;16099;19054;71634;15317;340071;68201;184362;11128;24009;6242;9076;13168;43608;53867;22983;20994;47189;17893;78398;38570;40027;44313;29828;20768;149462;44880;441069;135157;26399;61603;131502;10197;9660;154234;167362;55296;15318;12555;114236;48058;200658;113834;221633;26250;5469;214891;70516;15258;13218;5520;334969;58793;67943;6758;6418;40785;60599;206345;129192;59052;142917;85615;7829;139600;105229;197072;5348;10360;10707;49412;50442;54902;112222;36874;224304;10071;226352;11780;25256;8201;21344;44556;32914;28451;25942;21289;23421;10306;50160;25726;56647;179163;57858;43561;28139;41545;16312;
868118;302552;160843;157543;158469;165267;253832;546269;123933;2261064;51838;52011;370204;66343;69579;117221;54641;57864;36388;36813;29640;25600;12355;30839;44371;39634;39795;50326;50960;43668;41655;39585;13000;17133;15968;17749;17208;11918;16640;23728;155962;92895;16651;100471;165027;116376;147613;28628;67591;313124;29473;28184;52884;9338;37447;64207;57040;19692;33281;26081;164081;72397;50587;36408;47416;25219;190464;52468;37998;12168;138348;102597;56695;95216;51583;15261;83615;73265;105952;67407;58881;91623;50532;68212;39777;31483;19625;26991;60319;44472;93972;73005;37809;36150;35539;52201;15118;53497;51989;105434;39139;47933;64201;46200;35653;46287;58900;42859;7981;71759;63334;39910;26296;29549;101907;63742;53037;40249;38385;43322;104605;39453;87682;48177;29231;24756;35623;34007;21104;56715;17024;191008;30711;71285;83566;27541;42412;11349;92106;67816;38728;118923;77867;25783;20654;28939;21044;20067;14891;21599;28354;7418;41468;18355;13715;23576;53324;8658;34510;12191;45740;10524;30774;13495;32044;15711;11196;11413;8431;12285;10787;16734;29165;19039;15335;7933;56545;6222;8682;12822;8853;16917;8232;22091;8746;11561;10493;11941;4689;5374;4398;7153;11941;6535;20997;65413;52294;58708;92499;11076;23972;34476;23923;296231;56489;90600;48473;16264;6889;6073;8703;6689;12577;59843;16575;45273;25723;14108;30038;5083;11345;167686;48167;122596;7022;9199;11015;9913;31277;18638;21293;11733;199152;40112;252239;10573;166729;137770;22996;54884;204912;36170;214427;16967;192852;6387;10870;62951;115746;507508;233550;71606;16884;76633;5965;92120;13270;24709;55352;44184;373667;267728;33252;228858;9091;184520;14219;11532;16996;512337;6646;153510;370806;13831;53141;28270;45182;120364;63289;69291;16239;4170;64828;159337;33270;194418;25883;10122;24867;93996;53823;14194;124875;69309;295169;77067;132813;17954;68565;230753;9526;55872;212732;82465;392348;26831;70987;9905;16529;18077;49598;40928;9946;103596;80797;14971;169011;19578;9818;61137;89987;130747;55644;4774;5734;4249;28079;47634;252034;102547;116375;94566;10486;308064;7540;43136;45444;168477;259481;17218;5254;10156;222656;9949;12906;24201;35140;11246;13569;73750;20714;119817;29070;26093;46074;148802;137755;21931;30939;22293;3880;110946;75829;38196;130736;175990;62596;168751;12658;61673;98017;13655;100263;178554;53377;23943;92657;109645;12678;16502;4241;147234;14760;46458;17094;58896;16531;60729;150448;10411;17471;123764;57525;37231;277843;19313;11695;25374;22939;349336;64486;174450;7244;28174;44153;39255;102250;6611;241186;112632;11454;7225;84430;13441;226605;8501;47036;5050;17132;293909;21950;437157;147432;8569;42226;127071;9477;7945;153972;155123;64076;11497;15116;76412;21363;199728;29480;31244;24180;112164;138198;24066;43662;19226;53168;385028;69343;78718;6502;6531;32916;63717;62067;133147;43084;269644;61987;8799;115866;114069;219643;4429;27064;5495;30239;14224;52577;103237;44702;213507;5055;251465;115318;10246;104065;8610;14636;12670;12017;38002;8067;29447;30507;22986;78415;290601;212784;14633;90899;78622;65815;7597;
